economy,current_account_gdp,fdi_net_inflows_gdp,external_debt_gni,total_reserves,inflation,gdp_growth,year
ARG,-2.96292666513533,1.97713461784426,30.3597130322943,25520565580.4894,,2.73115982828944,2015
ARG,-2.70922168361454,0.584748941173009,33.3125611167404,38414518491.6132,,-2.08032784377811,2016
ARG,-4.8399592180739,1.78936504083806,36.0210140421607,55314409205.2189,,2.81850297775918,2017
ARG,-5.16055257152294,2.23253157689253,54.8960712180333,66221501691.4418,34.2772237131003,-2.61739646282038,2018
ARG,-0.779998447561847,1.48500687570697,65.2499452681964,44880566052.3703,53.5483043492339,-2.00086100285785,2019
ARG,0.696935361136029,1.26616924308721,68.0983401439473,39403734630.1228,42.0150947376509,-9.9004848136464,2020
ARG,1.36154422203441,1.36838083162438,51.6176877458835,39653498610.7828,48.4093786255199,10.4418119882506,2021
ARG,-0.62525456692328,2.3984601182853,40.0821942544545,44795335171.5152,72.430757531824,6.02074537534855,2022
ARG,-3.1951463789585,3.81190879856952,39.9528949452964,23080560550.2946,133.488935594175,-1.85578803046339,2023
AUS,-4.2950643949091,3.456117831131,,45406035070.596,1.50836672165921,2.16434780647852,2015
AUS,-3.60213104879026,3.54660341826144,,52480791522.7773,1.27699094497324,2.75564065529868,2016
AUS,-2.98964043581753,3.62158795648508,,65653718118.1818,1.94864740944527,2.29331030192918,2017
AUS,-2.55162485886958,4.23450805251819,,53909533420.3007,1.91140094445691,2.87417039499501,2018
AUS,-0.0206271927491188,2.77077560426989,,57994685703.4779,1.61076787290379,2.19401703622717,2019
AUS,1.86741781543883,1.34826011276187,,42544629264.9892,0.846905537459305,-0.133531904304775,2020
AUS,2.62544820701792,2.01542405903096,,57877502314.3513,2.86391042204994,2.00694844335034,2021
AUS,0.374773982764545,4.05215286724898,,56701901829.6459,6.59409671341846,4.25304559238732,2022
AUS,-0.234060559907305,2.03614704389564,,61703347652.0138,5.5970149253731,3.58382100798981,2023
BGD,1.32188871858147,1.4507824552936,18.656464728563,27493077971.9949,6.19428022984984,6.55263987816197,2015
BGD,0.351171861174517,0.879528340271998,14.9717904789002,32283838538.9037,5.51352572692995,7.11347821270093,2016
BGD,-2.03756600416726,0.616341784631384,16.8057450414319,33431482893.1712,5.70207015717239,6.59024999794057,2017
BGD,-2.20783912081882,0.75354913412869,17.0924802738604,32028383716.595,5.54362139486476,7.31941263014136,2018
BGD,-0.839485005371134,0.543244141585063,17.0856511809436,32696936140.2925,5.59199639930629,7.88191515117722,2019
BGD,0.31894044196432,0.407859894856915,18.8853836099419,43171735335.8001,5.69107474746211,3.44801755122445,2020
BGD,-3.78969259910934,0.414118154040593,20.8766117836117,46165532457.1555,5.54565430773473,6.93867912442445,2021
BGD,-3.13772027380242,0.347960024540439,20.2659753173734,33747202271.7021,7.69695437176898,7.09982877575158,2022
BGD,1.00306769537462,0.339361232770537,22.285488486933,21859709190.8892,9.8835030377921,5.77511237007889,2023
BRA,-3.5183920728161,3.59214973121732,30.7299282835538,356464980327.488,9.02990102416136,-3.54576339347278,2015
BRA,-1.70011360207642,4.13737853830264,30.9090873467642,364984039092.456,8.73914352329393,-3.2759169063211,2016
BRA,-1.22429942889483,3.33826028420938,26.8156664558868,373955518686.487,3.44637335032669,1.32286905390815,2017
BRA,-2.80752036371842,4.07858861807831,29.9289604206331,374709673447.828,3.66485028376729,1.78366676137003,2018
BRA,-3.41429111497121,3.69267330426814,31.1964144613097,356886386911.979,3.73297621216894,1.22077782271943,2019
BRA,-1.64103535066212,2.59263784624068,38.0076646022397,355614251456.14,3.21176803803376,-3.27675879612903,2020
BRA,-2.35822088025659,2.77979074096507,35.2910131878973,362210079181.317,8.30165975585673,4.7626043797061,2021
BRA,-2.14967710619443,3.86803201499441,30.5621181630478,324673449781.4,9.28010608956873,3.01669435408112,2022
BRA,-1.23558182662996,2.86383330702497,28.628650184641,355021395541.562,4.59356282283204,3.24165532813583,2023
CAN,-3.51398716666024,3.85389453706152,,79753521149.8993,1.12524136094277,0.649971001734855,2015
CAN,-3.093111446907,2.23835012140903,,82718110857.6299,1.42875954701085,1.03855092490855,2016
CAN,-2.8034274767599,1.53752071953934,,86677706696.7064,1.59688412852977,3.03383491200222,2017
CAN,-2.38507161087906,2.46931207254863,,83925602808.0082,2.26822567248103,2.74296344906655,2018
CAN,-1.95170274818579,2.80676687017653,,85297110783.6887,1.94926902411593,1.90843194590616,2019
CAN,-2.01049352658992,1.75897085668576,,90428136419.3486,0.716999632307827,-5.03823343468899,2020
CAN,-0.0219632282728957,2.97618288160973,,106615119570.101,3.39519318527528,5.95052802804381,2021
CAN,-0.288416485092606,2.31755804932899,,106952377364.743,6.80280115341613,4.18903628100851,2022
CAN,-0.633319898544557,2.01979850018061,,117550899244.64,3.87900159788426,1.52874550838358,2023
CHN,2.59752794949746,2.14957284731563,11.8789197021152,3405253363888.14,1.43702380935655,6.97878002657477,2015
CHN,1.67018709565351,1.52539470315394,12.4023168814925,3097658421378.4,2.00000182191943,6.77555562837017,2016
CHN,1.50488723669315,1.32468971748482,13.6631367045646,3235681607213.04,1.59313600071436,6.8912663621211,2017
CHN,0.170563391928727,1.66361992284408,13.9248882428061,3168216331199.08,2.07479039965576,6.75671800166833,2018
CHN,0.706790487310518,1.28549226847992,14.5601860956403,3222894578036.36,2.89923416358227,6.06850235053705,2019
CHN,1.65930095801393,1.68770756292082,15.634535209813,3357240875433.71,2.41942189457782,2.34018843078414,2020
CHN,1.93875176197337,1.8903454142588,15.0703683293598,3427931394628.85,0.981015135544882,8.57008513166322,2021
CHN,2.42059259149418,1.03841365474349,13.9317634143876,3306839412813.78,1.97357555739051,3.1341888719577,2022
CHN,1.4415829879426,0.280991103634816,13.50675136222,3449544415518.98,0.234836828893051,5.41484330099675,2023
DEU,8.09671429040111,1.82239938063641,,173730930555.425,0.514426137125456,1.66300602334775,2015
DEU,8.9023603683727,1.64365840117303,,184031339953.397,0.491747008445174,2.22222216259371,2016
DEU,8.07873526112888,2.88914588414184,,199983070123.869,1.50949485109628,2.797906720551,2017
DEU,8.43761219902202,4.00082875273687,,198027061675.403,1.73216879766942,1.13569604599849,2018
DEU,7.87471222403171,1.9056930139782,,224027961016.415,1.44565976888253,0.977734697038784,2019
DEU,6.34782686016016,4.48523547812751,,268408603348.679,0.144877925813982,-4.13191443239947,2020
DEU,6.9200696637534,2.93002168676674,,295736219413.597,3.06666666666673,3.90999994204108,2021
DEU,3.85045627175846,2.07605246190373,,293913690186.797,6.87257438551097,1.8092581243061,2022
DEU,5.51222510245724,1.69740103499567,,322700066274.527,5.94643667725823,-0.869647578573321,2023
EGY,-5.23529137853431,2.10258128401326,15.4090910799379,15858887325.7756,10.370490343517,4.37201907790141,2015
EGY,-6.16465951871263,2.43856278142762,21.0959884446522,23642691705.9678,13.813606214829,4.34664345555447,2016
EGY,-3.19681566782461,2.98301550917695,34.6961018574758,36400242555.8255,29.5066083940039,4.18122099994778,2017
EGY,-2.93164483711978,3.10040077579187,38.8036123837843,41839242990.7097,14.4014657807422,5.3311086189448,2018
EGY,-3.20758543154937,2.82732944960686,37.3486377137165,44568837112.0669,9.15279959324804,5.55209307156956,2019
EGY,-3.70903990583373,1.52462948997172,35.5843178235706,38972812936.6708,5.04493288977539,3.55016483786838,2020
EGY,-4.38240299812,1.20617861055665,35.4130599251787,39824388217.3615,5.21404940513043,3.29064601202211,2021
EGY,-2.2100904275198,2.39118080969079,35.3832819125992,32143926008.4607,13.8956609775178,6.58784560886967,2022
EGY,-3.17338760075615,2.48546398363597,44.4212432479616,33070180836.1374,33.8847763115546,3.76028052279247,2023
ETH,-12.1838327178752,4.22926466080082,31.7812582331685,3835287576.46954,9.56889955968623,10.3924630141307,2015
ETH,-11.5449209376397,6.0502150951561,31.5941088728904,3030943950.63996,6.62813337230924,9.43348265981905,2016
ETH,-7.76343039992896,5.26039764214773,32.195990368417,3045571314.79781,10.6871150284238,9.56418965754014,2017
ETH,-5.53324917435326,4.03228222144798,35.572601682596,3987464165.90059,13.8330356586661,6.81614778557282,2018
ETH,-5.47194445075559,2.77536541541531,31.8677861051946,2992704274.84051,15.8096321719344,8.36408573314054,2019
ETH,-2.75526110015443,2.42792592797614,30.2340278652052,3046114358.80765,20.3563468559061,6.05953089054807,2020
ETH,-4.13241831245632,3.90520609771909,28.9101982304795,1644005887.02273,26.8395221557722,5.64153069257077,2021
ETH,-4.19066632559079,2.9803331590978,24.2638688064282,1191712941.06266,33.8898797100898,5.32175988403378,2022
ETH,-3.52359702028074,2.40146315358044,,2028214254.61106,30.2188278135278,6.59424599357075,2023
FRA,-0.334528437032909,1.76596182973896,,138198984338.294,0.0375143805125182,1.06675474783462,2015
FRA,-0.538632351885891,1.44200321416196,,145866068770.183,0.18333486112386,0.860031075424033,2016
FRA,-0.474615185215668,1.68928072199317,,156322431109.247,1.03228275064662,2.08361485997399,2017
FRA,-0.735670615255371,2.78594184568695,,166483400196.79,1.85081508315502,1.64590872395887,2018
FRA,0.587362764575747,1.96486943301562,,189006435295.488,1.10825492288294,2.02744646419237,2019
FRA,-2.00313613657686,0.731471704018579,,224236417867.711,0.476498852725066,-7.44064589948231,2020
FRA,0.244238511780542,3.30405312221271,,244280333397.895,1.64233141038385,6.88233783360239,2021
FRA,-1.43234855251881,4.0180319137717,,242415618842.022,5.22236748369735,2.71676264185913,2022
FRA,-1.04301703799496,0.590645170561014,,240792007784.254,4.87835726508441,1.43921494437743,2023
GBR,-4.91700489264854,1.53903424150931,,148109299505.898,0.36804684232536,2.14040560033371,2015
GBR,-5.46283821927875,11.9998637298189,,134931850848.279,1.0084173681141,2.20652020635357,2016
GBR,-3.47326460218152,4.64443540147576,,150857673778.943,2.55775577557747,3.02322219840339,2017
GBR,-3.88728858372976,-0.864867036878713,,172657749536.315,2.29283990345938,1.55133095078786,2018
GBR,-2.66245642145608,0.688204352262878,,173569199262.767,1.73810460086513,1.25629899760824,2019
GBR,-2.92883387550298,5.77039185007421,,180054101389.553,0.989486703772491,-10.047896637362,2020
GBR,-0.752836357784011,3.20643815254935,,194181397315.03,2.51837109614213,8.5431118453255,2021
GBR,-2.06737101121871,2.91635435189931,,176409966646.608,7.92204883147902,5.14970388522993,2022
GBR,-3.57676183842871,0.403116734836793,,177915356242.234,6.79396706793963,0.271650048355255,2023
IDN,-2.03504192745968,2.29761639380441,36.9878652515237,105928847088.719,6.36312061196646,4.87632230022123,2015
IDN,-1.81915089251384,0.487372471368879,35.3699048723645,116369601851.059,3.52580452815451,5.03306918280177,2016
IDN,-1.59465689989364,2.01948919812582,35.9645370946451,130215330382.957,3.80879857691949,5.06978590134916,2017
IDN,-2.93907291477017,1.81428979349441,37.5639689128338,120660974090.95,3.19834755924996,5.17429153955024,2018
IDN,-2.7056619813955,2.23336204282241,37.0829978168899,129186464020.188,3.03058460941661,5.01928768046282,2019
IDN,-0.418606247736126,1.81058402027127,40.4899520829926,135915917616.263,1.91983527270793,-2.06551182934165,2020
IDN,0.295885914526078,1.7878556314554,36.1990816015577,144907809744.209,1.56007882983334,3.70288562827751,2021
IDN,1.00182875104005,1.87264100861425,30.8527352858338,137222356128.227,4.20946463714784,5.30719722664799,2022
IDN,-0.148899338519633,1.57116694173474,29.935375315129,146358992701.848,3.66938654859761,5.04902331835997,2023
IND,-1.06754907167964,2.09211521443253,23.0297689509967,353319061013.224,4.90697344127256,7.99625378571471,2015
IND,-0.527880606037518,1.9373641224439,20.0812235448632,361694321972.036,4.94821634062141,8.25630550179086,2016
IND,-1.43948820320988,1.50731583255894,19.5049373712632,412613792019.924,3.32817337461298,6.79538341897911,2017
IND,-2.42697545810527,1.55821483801456,19.4905310721105,399167159226.682,3.9388264669163,6.45385134497769,2018
IND,-1.04961203910072,1.78482633957161,19.9766366353145,463469902152.507,3.72950573539129,3.87143694070356,2019
IND,1.22362111042791,2.40620322673636,21.4094740100862,590227359928.896,6.62343677628535,-5.77772470686801,2020
IND,-1.05524166809383,1.41217101040888,19.5524130311129,638484779930.836,5.13140747176369,9.68959249192875,2021
IND,-2.36247481487452,1.49248825904,18.6518069060743,567298153917.14,6.69903414079852,7.60936497768895,2022
IND,-0.878262847208682,0.771919134264091,18.0442974446192,627792750126.715,5.64914318907925,9.19075493028345,2023
ITA,1.23326652485504,0.720886367724088,,130592432979.515,0.0387903996579733,0.885667635240807,2015
ITA,2.46140246001819,1.35957350873308,,135133283786.776,-0.09401665691575,1.23622108511661,2016
ITA,2.47968309636806,0.44334154868577,,151120440050.073,1.22653316645812,1.60369995294101,2017
ITA,2.57144669559437,2.10769610409512,,152361936421.553,1.13748763600391,0.826646712344115,2018
ITA,3.23388196417885,1.77066894209208,,175397954131.108,0.611246943765304,0.429162533780342,2019
ITA,3.9369545603398,-0.893869914296462,,210687330553.17,-0.13770757391651,-8.86822122185345,2020
ITA,2.03966459401318,1.20474315612308,,227478327159.257,1.87378325762481,8.93106210800055,2021
ITA,-1.82962143546248,2.94181405797187,,224580577612.139,8.20128991161718,4.82117669913565,2022
ITA,0.224243443277791,1.8137542726883,,247396384253.983,5.62219442195901,0.975694840127005,2023
JPN,3.07027965906978,0.118161987748241,,1233097790281.8,0.795279630579839,1.56062669680782,2015
JPN,3.93809128404803,0.818481615264516,,1216518779919.68,-0.127258844489754,0.753826745789127,2016
JPN,4.12036966283799,0.381319638034272,,1264140980383.63,0.484199796126385,1.67533175173359,2017
JPN,3.51661817468288,0.501685482403774,,1270467038786.78,0.989094598021848,0.643391023533141,2018
JPN,3.45076611445327,0.780785313301259,,1322443255598.64,0.46877615938395,-0.402169200894946,2019
JPN,2.96847858242383,1.23830386396694,,1390808939303.36,-0.024995834027731,-4.16876457146743,2020
JPN,3.89996604353178,0.695100892094565,,1405748991418.92,-0.233352779398264,2.69657404187188,2021
JPN,2.11637961936876,1.12971840820326,,1227573263129.26,2.49770278172255,0.941998775483285,2022
JPN,3.71672795030716,0.474278368651713,,1294636035263.82,3.26813365933163,1.47503481053384,2023
KEN,-6.30459656347733,0.883799936312692,31.3058278228131,7514864907.05536,6.58215429284779,4.96772112759767,2015
KEN,-5.3970086381703,0.627591266355583,28.5315668521598,7553884912.6237,6.29724953814625,4.21351706814744,2016
KEN,-6.99683322084958,1.64083690398642,33.4901470475528,7325420063.33911,8.00564967709945,3.83795817364721,2017
KEN,-5.41106679141752,0.832686217791619,34.6140434138868,8164380806.22987,4.6898064677633,5.64794640709219,2018
KEN,-5.23852935907811,0.468168547481475,35.4042862038635,9115806005.21186,5.23963795764792,5.11415885767801,2019
KEN,-3.26911007065289,-0.00536845439351621,38.0454096339675,8297263558.90541,5.40516207933392,-0.272766327438816,2020
KEN,-4.5990081153926,0.382593996518954,38.1042168095825,9490896580.9297,6.10793603659176,7.59048947333467,2021
KEN,-4.19995258299621,0.691645983068062,36.8769031537885,7969488013.00049,7.65986268272224,4.85998104287999,2022
KEN,-2.54552534327701,0.472521238226254,40.4232521954815,7341776189.84466,7.67139634029402,5.71999241214208,2023
KOR,6.82937629347486,0.266636382581676,,366707257929.029,0.70633177245575,2.92029267301234,2015
KOR,6.20103649558332,0.766507046338007,,370154204332.626,0.971685739912168,3.17152748983935,2016
KOR,4.39896168114518,1.04741749331971,,388804901513.924,1.94433230786366,3.433191763972,2017
KOR,4.24648147146115,0.66781363782051,,403082233385.987,1.47583935002645,3.17611568177327,2018
KOR,3.40802631398853,0.550202642546341,,408819161841.749,0.383000303608136,2.31380210595475,2019
KOR,4.35201499780346,0.502554290313687,,443462937570.176,0.537288023411737,-0.700242317542106,2020
KOR,4.38797327644752,1.13577953855347,,463281305723.059,2.49833333333339,4.61296795454287,2021
KOR,1.43543011179305,1.39186469730544,,423365991593.016,5.08951365062842,2.72756456708991,2022
KOR,1.77914588984233,1.03221435142435,,420930029064.025,3.5974562502901,1.58301467403629,2023
MEX,-2.59917628210589,2.98783786595647,45.4803129174973,177596632552.624,2.72064064964023,2.70232342550646,2015
MEX,-2.27311198277187,3.49768027047347,50.2965927131738,177973637254.61,2.8217078474766,1.77249323845399,2016
MEX,-1.79746290774801,2.78307493352174,49.85860000761,175469669183.544,6.04145724018986,1.87172853327193,2017
MEX,-2.06414074457574,3.01417850463095,49.1902287834628,176390278595.584,4.89935015356551,1.97208209405635,2018
MEX,-0.296844402044544,2.29651449578107,48.7169187460769,183056094117.556,3.63596142127046,-0.392690505066824,2019
MEX,2.39690767800282,2.81338849125769,56.8349663684666,199069188921.046,3.39683415570006,-8.35403458167995,2020
MEX,-0.346548814054211,2.70547578986932,46.8965782589805,207799490381.042,5.68920847683753,6.0484834621255,2021
MEX,-1.28978094141973,2.6714140927358,40.8971913213688,201118689946.087,7.8962761916855,3.70975709163623,2022
MEX,-0.700390860917119,1.70739186154278,34.0722892134803,214316827085.02,5.52796087314389,3.35354140652768,2023
NGA,-3.13140101186134,0.621501637000126,9.37394526748953,29011450144.31,9.00943498007706,2.65269329543001,2015
NGA,1.25472098152786,0.853395742751916,10.978230289557,28020197619.3379,15.6968126387972,-1.61686894906509,2016
NGA,3.60982550121523,0.642182922336257,17.7307590012602,40499220796.3652,16.5022662139641,0.805886619102438,2017
NGA,1.72693303668361,0.183821495682229,16.9165675219792,42838869124.791,12.0951065173432,1.92275734200614,2018
NGA,-2.04801100743442,0.344961215904222,17.479665389895,38335890478.7729,11.3964223378116,2.20842927714892,2019
NGA,-2.67061135743196,0.398484830422215,20.4924439613801,36729565817.615,13.2460234276597,-6.36889840510109,2020
NGA,-0.534215770594035,0.543909122152652,22.2682603874306,40476363167.0316,16.9528457221608,1.10925253938163,2021
NGA,0.157446238586316,-0.0288727652154093,22.1867351582616,35563949955.4969,18.8471877843274,4.31882949523192,2022
NGA,1.31788745937756,0.384195197914633,29.036832236491,32034797236.9329,24.659550203114,3.32684556421316,2023
PAK,-0.934446742353906,0.557734356032139,23.250373675072,20027864211.2597,2.52932817254229,4.21794209572506,2015
PAK,-2.29279660651385,0.821349998064174,24.3711794392753,22027605269.5237,3.7651191635658,6.57383828511043,2016
PAK,-4.76985760466006,0.735837049658425,27.8523788602803,18455861310.286,4.08537368032608,4.43262590683975,2017
PAK,-5.29556175645778,0.487745750658143,28.5494742437705,11837177725.8521,5.07805725868917,6.15170261099519,2018
PAK,-2.66677325730292,0.696146480411465,34.9183625831205,16586046186.2171,10.5783618004555,2.49763692943365,2019
PAK,-0.216650637871501,0.684695289874347,39.9870693569552,18521734363.9531,9.73999313898155,-1.27408744338709,2020
PAK,-3.52439577565177,0.616039439073827,37.9965494190867,22811522857.5295,9.49621056124947,6.51388575852702,2021
PAK,-3.25858181478804,0.389980753542853,34.5202602197744,9926587077.28489,19.8738599646655,4.7781068690358,2022
PAK,-0.308630136387274,0.608281270820624,39.4498353457572,13730353485.3454,30.7681280657005,-0.414935997088406,2023
PHL,2.37094985955594,1.84018010717942,23.3400182272902,80640411491.447,0.674192536845408,6.34830971672761,2015
PHL,-0.376262661565375,2.59850803494211,21.2638927411851,80666223156.9831,1.25369880080982,7.14945675000752,2016
PHL,-0.652387929422696,3.12238778404896,20.1794848256215,81413504334.4498,2.85318772590947,6.9309883258402,2017
PHL,-2.55939306312468,2.86833826070497,20.6399906442903,79195598849.54,5.30934661627707,6.34148557153473,2018
PHL,-0.808557862529766,2.30117498598294,20.3516842117646,89515298355.7402,2.39206534422404,6.11852566221303,2019
PHL,3.20065009232564,1.88586363211171,25.3116389229833,109990274218.874,2.3931623931624,-9.51829474045297,2020
PHL,-1.50797765976295,3.04078855310045,26.1303951987477,108754857244.204,3.92718022100332,5.71473313185116,2021
PHL,-4.51605763317132,2.3475097233369,25.875290276635,96040188240.9305,5.82115811213955,7.58098212785563,2022
PHL,-2.83412113848662,2.0421035482067,25.6668725797068,103742233308.668,5.97802515541409,5.51894967862863,2023
RUS,4.97088857375125,0.502607961400285,37.125952762227,368042950258.841,15.5343959935701,-1.97271922580408,2015
RUS,1.91643731021353,2.54849998807899,43.1184713428485,377052204307.945,7.04243725413707,0.193690071260534,2016
RUS,2.04412673615753,1.81409297475419,33.8872742360339,432730507964.11,3.68333072334495,1.82579006401834,2017
RUS,6.97989872935135,0.530060790633169,29.548796109,468645216082.719,2.87831382614981,2.80724541059601,2018
RUS,3.87612476973049,1.88851731564914,29.6288697909038,555179461638.925,4.47202631837903,2.19807571335009,2019
RUS,2.36911533657246,0.634851184443604,31.6125814211445,596769862769.564,3.38219796948068,-2.65365450102773,2020
RUS,6.83107025995823,2.21136527873962,26.4340953468359,632241824796.464,6.69445891957612,5.86649177292595,2021
RUS,10.3741278519981,-1.73680981421063,16.757438584072,581709956946.206,13.7436797398232,-1.43588213859842,2022
RUS,2.38456738994872,-0.484918766027148,,597217063819.197,5.86571931748967,4.08252481259281,2023
SAU,-7.93818281494483,0.572622097928938,,626989686477.742,1.22269318552337,4.65512316652699,2015
SAU,-3.91268584311643,3.18518611850268,,547266635919.121,2.05347076823965,1.70404739202878,2016
SAU,1.2254608961689,0.136801407151884,,509457096430.156,-0.834845735027246,1.18210705878283,2017
SAU,7.89890750977747,1.36945683303735,,509468527336.473,2.46594308994843,3.2269508901591,2018
SAU,3.64484004485363,0.346411455797861,,514962537825.302,-1.1929864453332,1.65158925617395,2019
SAU,-4.51692116727614,0.211115523412857,,472850970844.846,3.37234961012303,-3.80478901996312,2020
SAU,4.56976271965319,2.8850612174452,,473889603512.936,3.06328988941548,6.51959698325419,2021
SAU,11.7294510759776,2.1556449627378,,478231707665.7,2.47407371925372,12.0005874752929,2022
SAU,2.12936776093395,1.87131032249407,,457948635287.488,2.32708518362699,0.542592439393161,2023
TUR,-2.46735825450658,2.225752648523,46.7405303729401,110489628113.015,7.67085364845877,5.80557386628684,2015
TUR,-2.54553759448629,1.58873607703875,46.3614777541171,104810530764.478,7.7751341532833,3.32366508200445,2016
TUR,-4.06829916731119,1.29532700760314,52.6882928024745,107657025384.516,11.1443110840765,7.82585730002594,2017
TUR,-1.85233343060557,1.57923380202967,55.4453574540502,92997230040.5605,16.3324638988928,3.46815306092219,2018
TUR,1.9351600379275,1.22536076199392,55.3071524639806,105619672447.934,15.1768215720022,1.30162365464503,2019
TUR,-4.22230197946184,1.02531493703228,60.3150906136416,93584577917.0715,12.2789574462574,1.80306247087255,2020
TUR,-0.74064931592423,1.50891969619413,53.7425891882514,111184882382.134,19.5964926913324,11.811094450607,2021
TUR,-4.99763806227356,1.48839623728753,50.758322367613,128735003395.893,72.3088359891207,5.44122511322401,2022
TUR,-3.49417299638226,0.933806495534912,45.157151097837,140868480001.696,53.8594087593315,5.04512369812289,2023
USA,-2.2434721228246,2.80914762910409,,383728497570.133,0.118627135552451,2.94555045484053,2015
USA,-2.11937229657855,2.53749765919682,,405942428719.749,1.26158320570536,1.81945147788167,2016
USA,-1.88739358215214,1.95521086285051,,451285263406.24,2.13011000365961,2.45762229852507,2017
USA,-2.13796218132331,1.0457039920427,,449907088828.546,2.44258329692817,2.96650506901305,2018
USA,-2.06708055581828,1.47787452846554,,516700583371.247,1.81221007526021,2.58382533412825,2019
USA,-2.81809426941685,0.650821071352324,,628369715338.322,1.23358439630629,-2.16302914036166,2020
USA,-3.68274086718403,2.04998648308338,,716152260973.711,4.69785886363742,6.05505293244555,2021
USA,-3.87872626619871,1.62816817042838,,706644215998.894,8.00279982052121,2.51237531986017,2022
USA,-3.40030482379486,1.32618252590589,,773426187289.128,4.11633838374488,2.88755600749487,2023
VNM,-0.853052854546214,4.93190773329022,36.0276512949194,28250254960.181,0.631200905175754,6.98715430598611,2015
VNM,0.243099852637275,4.90089302916746,37.2434368821309,36527291044.3307,2.66824816969082,6.69000892660424,2016
VNM,-0.586095207209378,5.01148721749681,41.5701252327449,49075567812.4586,3.52025688811617,6.94019037359206,2017
VNM,1.90236367538642,4.99828319622328,38.2695640665703,55452622582.5609,3.53962805942641,7.46500685572751,2018
VNM,3.91824395534242,4.821074861051,38.5732191379908,78334835182.609,2.7958236745225,7.35926270105006,2019
VNM,4.34486906553373,4.55836196782424,39.0234679461042,94833616150.4504,3.22093436652514,2.86541320912272,2020
VNM,-1.26284279203588,4.27314566190187,40.2192163533687,109371353442.833,1.83471554810444,2.55372852648131,2021
VNM,0.339101746979362,4.32947308910883,37.2580281492659,86539530966.6451,3.15650749963129,8.53750046755788,2022
VNM,5.94503707253957,4.26407109843686,34.4790753177648,92237540812.2468,3.25289282667662,5.06502391455075,2023
ZAF,-4.31028688643788,0.438735792056356,37.711086621978,45887065756.7249,4.51869094892506,1.32186223678229,2015
ZAF,-2.63361451678798,0.684612553455795,45.6902115131597,47180127300.8565,6.60290842394872,0.664552307858116,2016
ZAF,-2.37436753188649,0.539673956759456,47.1927189929926,50722891363.2361,5.18618655524149,1.15794695181735,2017
ZAF,-3.00051939426577,1.3742911715346,45.7412901934993,51642041966.6735,4.50987264867388,1.55678384721676,2018
ZAF,-2.61999067483039,1.31407752293306,50.2481328155576,55055893656.867,4.10285075461156,0.25993557687633,2019
ZAF,2.00352275153333,0.933073684352391,52.7841323729174,55008491995.5568,3.23238831615113,-6.1689177146757,2020
ZAF,3.77241369345008,9.68098022663018,41.0418957615734,57597149617.2517,4.61874544887136,4.85864865060148,2021
ZAF,-0.29618259812743,2.26670277731613,43.0995184381018,60553113006.2543,7.03987272546482,2.05813661692193,2022
ZAF,-1.10356312207881,1.0127377916456,44.1610440626778,62491675820.3129,6.0752438457966,0.80610455095804,2023
